[{"id":"user-image-e.jpg","publicUrl":"https://assets.nicepagecdn.com/c806102e/4948471/images/e.jpg","size":54505,"hash":"lgNt9LNHJPCoZAagbhUIn2EyGE8=","fileName":"e.jpg","name":"e","width":501,"height":501,"originalUrl":"//images01.nicepagecdn.com/c461c07a441a5d220e8feb1a/00aa5abc613459b89be9546c/e.jpg","usages":["95254456"],"thumbnail":{"url":"https://assets.nicepagecdn.com/c806102e/4948471/images/e.jpg","width":501,"height":501}},{"id":"user-image-13844554_5369579.jpg","publicUrl":"https://assets.nicepagecdn.com/c806102e/4948471/images/13844554_5369579.jpg","size":17210,"hash":"tuQBL8duwJ/9I9IaTaQscJ45tEc=","fileName":"13844554_5369579.jpg","name":"13844554_5369579","width":1920,"height":1058,"originalUrl":"//images01.nicepagecdn.com/a1389d7bc73adea1e1c1fb7e/e54c6ecfab64508e868191a8/13844554_5369579.jpg","usages":["95254456"],"thumbnail":{"url":"https://assets.nicepagecdn.com/c806102e/4948471/images/13844554_5369579.jpg","width":1920,"height":1058}},{"id":"user-image-happy-bearded-young-man-looks-with-joyful-expression-has-friendly-smile-wears-yellow-sweater-red-hat.jpg","publicUrl":"https://assets.nicepagecdn.com/c806102e/4948471/images/happy-bearded-young-man-looks-with-joyful-expression-has-friendly-smile-wears-yellow-sweater-red-hat.jpg","size":82126,"hash":"0MH2GjraG72ztBpMriHCmzqVspw=","fileName":"happy-bearded-young-man-looks-with-joyful-expression-has-friendly-smile-wears-yellow-sweater-red-hat.jpg","name":"happy-bearded-young-man-looks-with-joyful-expression-has-friendly-smile-wears-yellow-sweater-red-hat","width":1500,"height":1000,"originalUrl":"//images01.nicepagecdn.com/a1389d7bc73adea1e1c1fb7e/d981d18c78845977bea8c103/happy-bearded-young-man-looks-with-joyful-expression-has-friendly-smile-wears-yellow-sweater-red-hat.jpg","usages":["95254456"],"thumbnail":{"url":"https://assets.nicepagecdn.com/c806102e/4948471/images/happy-bearded-young-man-looks-with-joyful-expression-has-friendly-smile-wears-yellow-sweater-red-hat.jpg","width":1500,"height":1000}},{"id":"user-image-bfc62dcf-11dc-f72c-9f80-d5d6784457fc.jpg","publicUrl":"https://assets.nicepagecdn.com/c806102e/4948471/images/bfc62dcf-11dc-f72c-9f80-d5d6784457fc.jpg","size":22853,"hash":"G1kAUy6DJp72lGuT3DQEcfcQuAE=","fileName":"bfc62dcf-11dc-f72c-9f80-d5d6784457fc.jpg","name":"bfc62dcf-11dc-f72c-9f80-d5d6784457fc","width":309,"height":309,"originalUrl":"//images01.nicepagecdn.com/c461c07a441a5d220e8feb1a/2842f4a1f0a85a0f9b26dca7/bfc62dcf-11dc-f72c-9f80-d5d6784457fc.jpg","usages":["95254456"],"thumbnail":{"url":"https://assets.nicepagecdn.com/c806102e/4948471/images/bfc62dcf-11dc-f72c-9f80-d5d6784457fc.jpg","width":309,"height":309}},{"id":"user-image-trtrrt.jpg","publicUrl":"https://assets.nicepagecdn.com/c806102e/4948471/images/trtrrt.jpg","size":30007,"hash":"6JA1YszlS9UuRUVFZc0T+smZtks=","fileName":"trtrrt.jpg","name":"trtrrt","width":309,"height":309,"originalUrl":"//images01.nicepagecdn.com/c461c07a441a5d220e8feb1a/8f50f8f477045e67912b69a9/trtrrt.jpg","usages":["95254456"],"thumbnail":{"url":"https://assets.nicepagecdn.com/c806102e/4948471/images/trtrrt.jpg","width":309,"height":309}},{"id":"user-image-woman-sitting-desk-checking-reports-talking.jpg","publicUrl":"https://assets.nicepagecdn.com/c806102e/4948471/images/woman-sitting-desk-checking-reports-talking.jpg","size":100453,"hash":"HmKY7/bTBeI+xx3dWey4t9CHV4w=","fileName":"woman-sitting-desk-checking-reports-talking.jpg","name":"woman-sitting-desk-checking-reports-talking","width":1280,"height":853,"originalUrl":"//images01.nicepagecdn.com/a1389d7bc73adea1e1c1fb7e/ffc34d33c28a58998fd63c7d/woman-sitting-desk-checking-reports-talking.jpg","usages":["95254456"],"thumbnail":{"url":"https://assets.nicepagecdn.com/c806102e/4948471/images/woman-sitting-desk-checking-reports-talking.jpg","width":1280,"height":853}},{"id":"user-image-tytyt54.jpg","publicUrl":"https://assets.nicepagecdn.com/c806102e/4948471/images/tytyt54.jpg","size":27172,"hash":"WOxyLkX6cdJlAHZGTyHaYQKx0m8=","fileName":"tytyt54.jpg","name":"tytyt54","width":309,"height":309,"originalUrl":"//images01.nicepagecdn.com/c461c07a441a5d220e8feb1a/088290d888cd5735bc11af87/tytyt54.jpg","usages":["95254456"],"thumbnail":{"url":"https://assets.nicepagecdn.com/c806102e/4948471/images/tytyt54.jpg","width":309,"height":309}},{"id":"user-image-fashionable-young-redhead-woman-with-braid-tattoo-shoulder-having-rest-indoors.jpg","publicUrl":"https://assets.nicepagecdn.com/c806102e/4948471/images/fashionable-young-redhead-woman-with-braid-tattoo-shoulder-having-rest-indoors.jpg","size":50191,"hash":"IP3axI92rSYrZqmtDqAxYpetXl8=","fileName":"fashionable-young-redhead-woman-with-braid-tattoo-shoulder-having-rest-indoors.jpg","name":"fashionable-young-redhead-woman-with-braid-tattoo-shoulder-having-rest-indoors","width":1500,"height":1000,"originalUrl":"//images01.nicepagecdn.com/a1389d7bc73adea1e1c1fb7e/ee6258ad779a50aeb60a64b7/fashionable-young-redhead-woman-with-braid-tattoo-shoulder-having-rest-indoors.jpg","usages":["95254456"],"thumbnail":{"url":"https://assets.nicepagecdn.com/c806102e/4948471/images/fashionable-young-redhead-woman-with-braid-tattoo-shoulder-having-rest-indoors.jpg","width":1500,"height":1000}},{"id":"user-image-group-people-working-out-business-plan-office.jpg","publicUrl":"https://assets.nicepagecdn.com/c806102e/4948471/images/group-people-working-out-business-plan-office.jpg","size":97044,"hash":"WREHVvWMfKIjLa6sEaBvcnDyXEo=","fileName":"group-people-working-out-business-plan-office.jpg","name":"group-people-working-out-business-plan-office","width":1280,"height":853,"originalUrl":"//images01.nicepagecdn.com/a1389d7bc73adea1e1c1fb7e/4d43ceb63cc259428cb37921/group-people-working-out-business-plan-office.jpg","usages":["95254456"],"thumbnail":{"url":"https://assets.nicepagecdn.com/c806102e/4948471/images/group-people-working-out-business-plan-office.jpg","width":1280,"height":853}},{"id":"user-image-black-logo-1.png","publicUrl":"https://assets.nicepagecdn.com/c806102e/4948471/images/black-logo-1.png","size":21465,"hash":"+S5C7QqyluuZsUjTGAMoqg2uGg0=","fileName":"black-logo-1.png","name":"black-logo-1","width":151,"height":158,"originalUrl":"//images01.nicepagecdn.com/a1389d7bc73adea1e1c1fb7e/a32313390c475bec9fff6116/black-logo-1.png","usages":["95254456"],"thumbnail":{"url":"https://assets.nicepagecdn.com/c806102e/4948471/images/black-logo-1.png","width":151,"height":158}},{"id":"user-image-business-sucessful-businessman-working-with-laptop-using-computer-smiling-standing.jpg","publicUrl":"https://assets.nicepagecdn.com/c806102e/4948471/images/business-sucessful-businessman-working-with-laptop-using-computer-smiling-standing.jpg","size":40354,"hash":"wlJE8xtKP5nBToSCMy7Pg8jciLk=","fileName":"business-sucessful-businessman-working-with-laptop-using-computer-smiling-standing.jpg","name":"business-sucessful-businessman-working-with-laptop-using-computer-smiling-standing","width":1500,"height":1000,"originalUrl":"//images01.nicepagecdn.com/a1389d7bc73adea1e1c1fb7e/20cebe00b3975420afb850e2/business-sucessful-businessman-working-with-laptop-using-computer-smiling-standing.jpg","usages":["95254456"],"thumbnail":{"url":"https://assets.nicepagecdn.com/c806102e/4948471/images/business-sucessful-businessman-working-with-laptop-using-computer-smiling-standing.jpg","width":1500,"height":1000}},{"id":"user-image-black-logo-2_150.png","publicUrl":"https://assets.nicepagecdn.com/c806102e/4948471/images/black-logo-2_150.png","size":20486,"hash":"dJqfsQlJ6VDplVS0OXboYWx1ZXA=","fileName":"black-logo-2_150.png","name":"black-logo-2_150","width":108,"height":140,"originalUrl":"//images01.nicepagecdn.com/thumbs/a1389d7bc73adea1e1c1fb7e/e8ce7cced71d5c7aa4d002e1/black-logo-2_150.png","usages":["95254456"],"thumbnail":{"url":"https://assets.nicepagecdn.com/c806102e/4948471/images/black-logo-2_150.png","width":108,"height":140}},{"id":"user-image-black-logo-4.png","publicUrl":"https://assets.nicepagecdn.com/c806102e/4948471/images/black-logo-4.png","size":22120,"hash":"Z3OnsSlIW/Xwl97auEhQtmCu4bg=","fileName":"black-logo-4.png","name":"black-logo-4","width":134,"height":154,"originalUrl":"//images01.nicepagecdn.com/a1389d7bc73adea1e1c1fb7e/da20b91fac9e573f9e813582/black-logo-4.png","usages":["95254456"],"thumbnail":{"url":"https://assets.nicepagecdn.com/c806102e/4948471/images/black-logo-4.png","width":134,"height":154}},{"id":"user-image-black-logo-3.png","publicUrl":"https://assets.nicepagecdn.com/c806102e/4948471/images/black-logo-3.png","size":22472,"hash":"wyHzhKO9xjzm2k1z7P/3KSTt6lM=","fileName":"black-logo-3.png","name":"black-logo-3","width":168,"height":156,"originalUrl":"//images01.nicepagecdn.com/a1389d7bc73adea1e1c1fb7e/8aba9edd10b65867bb8c1fd0/black-logo-3.png","usages":["95254456"],"thumbnail":{"url":"https://assets.nicepagecdn.com/c806102e/4948471/images/black-logo-3.png","width":168,"height":156}},{"id":"user-image-black-logo-5.png","publicUrl":"https://assets.nicepagecdn.com/c806102e/4948471/images/black-logo-5.png","size":20120,"hash":"o2NeaRyFgV4iBbdCbXQCMbQDdDs=","fileName":"black-logo-5.png","name":"black-logo-5","width":142,"height":155,"originalUrl":"//images01.nicepagecdn.com/a1389d7bc73adea1e1c1fb7e/f4c2ec35cca95ad2b1db886b/black-logo-5.png","usages":["95254456"],"thumbnail":{"url":"https://assets.nicepagecdn.com/c806102e/4948471/images/black-logo-5.png","width":142,"height":155}},{"id":"user-image-black-logo-6.png","publicUrl":"https://assets.nicepagecdn.com/c806102e/4948471/images/black-logo-6.png","size":20790,"hash":"GnhB5ZJ41PM/e2Nor1+wmL5QC50=","fileName":"black-logo-6.png","name":"black-logo-6","width":131,"height":171,"originalUrl":"//images01.nicepagecdn.com/a1389d7bc73adea1e1c1fb7e/62605c9f773e5f9cbdda4dbf/black-logo-6.png","usages":["95254456"],"thumbnail":{"url":"https://assets.nicepagecdn.com/c806102e/4948471/images/black-logo-6.png","width":131,"height":171}},{"id":"user-image-black-logo-8_150.png","publicUrl":"https://assets.nicepagecdn.com/c806102e/4948471/images/black-logo-8_150.png","size":20851,"hash":"lpb9c9aXjhyI9Bb7mb48BYysrdE=","fileName":"black-logo-8_150.png","name":"black-logo-8_150","width":133,"height":135,"originalUrl":"//images01.nicepagecdn.com/thumbs/a1389d7bc73adea1e1c1fb7e/7b273cca908c5a97a1457ce5/black-logo-8_150.png","usages":["95254456"],"thumbnail":{"url":"https://assets.nicepagecdn.com/c806102e/4948471/images/black-logo-8_150.png","width":133,"height":135}},{"id":"user-image-positive-business-woman-posing-camera-outdoors.jpg","publicUrl":"https://assets.nicepagecdn.com/c806102e/4948471/images/positive-business-woman-posing-camera-outdoors.jpg","size":113661,"hash":"Pk8To+NmmddlXmhNEmNI4bAOEzM=","fileName":"positive-business-woman-posing-camera-outdoors.jpg","name":"positive-business-woman-posing-camera-outdoors","width":1500,"height":1000,"originalUrl":"//images01.nicepagecdn.com/a1389d7bc73adea1e1c1fb7e/6f08fcd379775a96a7ab7ce6/positive-business-woman-posing-camera-outdoors.jpg","usages":["95254456"],"thumbnail":{"url":"https://assets.nicepagecdn.com/c806102e/4948471/images/positive-business-woman-posing-camera-outdoors.jpg","width":1500,"height":1000}},{"id":"user-image-5fdfa8af-fbd4-40ce-aa0b-03fbc80c2a7e.jpg","publicUrl":"https://assets.nicepagecdn.com/c806102e/4948471/images/5fdfa8af-fbd4-40ce-aa0b-03fbc80c2a7e.jpg","size":88347,"hash":"hNJS2Otlf2KvogSen/VSOcPfg8g=","fileName":"5fdfa8af-fbd4-40ce-aa0b-03fbc80c2a7e.jpg","name":"5fdfa8af-fbd4-40ce-aa0b-03fbc80c2a7e","width":1500,"height":1000,"originalUrl":"//images01.nicepagecdn.com/a1389d7bc73adea1e1c1fb7e/971dfc030e645b33a6aa7902/5fdfa8af-fbd4-40ce-aa0b-03fbc80c2a7e.jpg","usages":["95254456"],"thumbnail":{"url":"https://assets.nicepagecdn.com/c806102e/4948471/images/5fdfa8af-fbd4-40ce-aa0b-03fbc80c2a7e.jpg","width":1500,"height":1000}},{"id":"user-image-545682.png","publicUrl":"https://assets.nicepagecdn.com/c806102e/4948471/images/545682.png","size":755,"hash":"Ix3+IQY86UX/E6fyn9I01vpWCNQ=","fileName":"545682.png","name":"545682","width":128,"height":128,"originalUrl":"//images01.nicepagecdn.com/a1389d7bc73adea1e1c1fb7e/ac179b0d2c1f5fd39f381b5a/545682.png","usages":["95254456"],"thumbnail":{"url":"https://assets.nicepagecdn.com/c806102e/4948471/images/545682.png","width":128,"height":128}},{"id":"user-image-1828743.png","publicUrl":"https://assets.nicepagecdn.com/c806102e/4948471/images/1828743.png","size":1116,"hash":"bToIeyupIJCZbBC+UEQFQx3thTw=","fileName":"1828743.png","name":"1828743","width":128,"height":128,"originalUrl":"//images01.nicepagecdn.com/a1389d7bc73adea1e1c1fb7e/95fb26f30c9856cf8fdb22fb/1828743.png","usages":["95254456"],"thumbnail":{"url":"https://assets.nicepagecdn.com/c806102e/4948471/images/1828743.png","width":128,"height":128}},{"id":"user-image-149236.png","publicUrl":"https://assets.nicepagecdn.com/c806102e/4948471/images/149236.png","size":1671,"hash":"GJzJgpqNY66t6sKDUcIKpX1oJxE=","fileName":"149236.png","name":"149236","width":128,"height":128,"originalUrl":"//images01.nicepagecdn.com/a1389d7bc73adea1e1c1fb7e/3bdca44eb7d159adb66a5c77/149236.png","usages":["95254456"],"thumbnail":{"url":"https://assets.nicepagecdn.com/c806102e/4948471/images/149236.png","width":128,"height":128}},{"id":"user-image-149412.png","publicUrl":"https://assets.nicepagecdn.com/c806102e/4948471/images/149412.png","size":1796,"hash":"92k+ruM2YksH4aCcxpHtHOyT84o=","fileName":"149412.png","name":"149412","width":128,"height":128,"originalUrl":"//images01.nicepagecdn.com/a1389d7bc73adea1e1c1fb7e/00a3c6561e695dc79831617a/149412.png","usages":["95254456"],"thumbnail":{"url":"https://assets.nicepagecdn.com/c806102e/4948471/images/149412.png","width":128,"height":128}},{"id":"user-image-233146.png","publicUrl":"https://assets.nicepagecdn.com/c806102e/4948471/images/233146.png","size":2426,"hash":"DZzoUD6G8dAL/ZQkefYQ+H5HlnY=","fileName":"233146.png","name":"233146","width":128,"height":128,"originalUrl":"//images01.nicepagecdn.com/c461c07a441a5d220e8feb1a/b395bc6ddaf2510a89d80966/233146.png","usages":["95254456"],"thumbnail":{"url":"https://assets.nicepagecdn.com/c806102e/4948471/images/233146.png","width":128,"height":128}},{"id":"user-image-3179068.png","publicUrl":"https://assets.nicepagecdn.com/c806102e/4948471/images/3179068.png","size":2372,"hash":"ZJlvVoSEE8RRW/f+DzlKMosbUXA=","fileName":"3179068.png","name":"3179068","width":128,"height":128,"originalUrl":"//images01.nicepagecdn.com/c461c07a441a5d220e8feb1a/adaa21d3d5de5ea6b7ca1f3d/3179068.png","usages":["95254456"],"thumbnail":{"url":"https://assets.nicepagecdn.com/c806102e/4948471/images/3179068.png","width":128,"height":128}},{"id":"user-image-ce131fa2-9b26-4c33-a9f7-aff3357242a7.png","publicUrl":"https://assets.nicepagecdn.com/c806102e/4948471/images/ce131fa2-9b26-4c33-a9f7-aff3357242a7.png","size":2660,"hash":"0ZspmpJed2V+ls9SdzG0IOu3OBE=","fileName":"ce131fa2-9b26-4c33-a9f7-aff3357242a7.png","name":"ce131fa2-9b26-4c33-a9f7-aff3357242a7","width":128,"height":128,"originalUrl":"//images01.nicepagecdn.com/c461c07a441a5d220e8feb1a/469116bb27505611bf792aa9/ce131fa2-9b26-4c33-a9f7-aff3357242a7.png","usages":["95254456"],"thumbnail":{"url":"https://assets.nicepagecdn.com/c806102e/4948471/images/ce131fa2-9b26-4c33-a9f7-aff3357242a7.png","width":128,"height":128}},{"id":"user-image-swa-min.jpg","publicUrl":"https://assets.nicepagecdn.com/c806102e/4948471/images/swa-min.jpg","size":161702,"hash":"fBELYFmMxm8TzfrO0RyL/q4c9Pc=","fileName":"swa-min.jpg","name":"swa-min","width":1980,"height":792,"originalUrl":"//images03.nicepagecdn.com/c461c07a441a5d220e8feb1a/bd42e19406b8580098a14e65/swa-min.jpg","usages":["2106520023"],"thumbnail":{"url":"https://assets.nicepagecdn.com/c806102e/4948471/images/swa-min.jpg","width":1980,"height":792}},{"id":"user-image-hgghgh.jpg","publicUrl":"https://assets.nicepagecdn.com/c806102e/4948471/images/hgghgh.jpg","size":385657,"hash":"IyWzGrfvta+8gfEdXCFeMu87HR8=","fileName":"hgghgh.jpg","name":"hgghgh","width":1000,"height":722,"originalUrl":"//images01.nicepagecdn.com/c461c07a441a5d220e8feb1a/63b6a55f6a135764b05633e1/hgghgh.jpg","usages":["2106520023"],"thumbnail":{"url":"https://assets.nicepagecdn.com/c806102e/4948471/images/hgghgh.jpg","width":1000,"height":722}},{"id":"user-image-Sinttulo.png","publicUrl":"https://assets.nicepagecdn.com/c806102e/4948471/images/Sinttulo.png","size":62425,"hash":"zup7FFeAE1dL89+BEY+HyY8vNp0=","fileName":"Sinttulo.png","name":"Sinttulo","width":991,"height":378,"usages":["2106520023"],"thumbnail":{"url":"https://assets.nicepagecdn.com/c806102e/4948471/images/Sinttulo.png","width":991,"height":378}},{"id":"user-image-image.png","publicUrl":"https://assets.nicepagecdn.com/c806102e/4948471/images/image.png","size":7968,"hash":"Fg6uL2bQSVUQR/mAaNOzCw7Fjhk=","fileName":"image.png","name":"image","width":721,"height":115,"usages":["2106520023"],"thumbnail":{"url":"https://assets.nicepagecdn.com/c806102e/4948471/images/image.png","width":721,"height":115}},{"id":"user-image-image1.png","publicUrl":"https://assets.nicepagecdn.com/c806102e/4948471/images/image1.png","size":22438,"hash":"WPQURQqtsFcB9bmfQXY6ZWuOW70=","fileName":"image1.png","name":"image1","width":902,"height":342,"usages":["2106520023"],"thumbnail":{"url":"https://assets.nicepagecdn.com/c806102e/4948471/images/image1.png","width":902,"height":342}},{"id":"user-image-image2.png","publicUrl":"https://assets.nicepagecdn.com/c806102e/4948471/images/image2.png","size":83969,"hash":"X3gT9QdBfq+bYxUwxCIkyxkHteE=","fileName":"image2.png","name":"image2","width":990,"height":288,"usages":["2106520023"],"thumbnail":{"url":"https://assets.nicepagecdn.com/c806102e/4948471/images/image2.png","width":990,"height":288}},{"id":"user-image-image3.png","publicUrl":"https://assets.nicepagecdn.com/c806102e/4948471/images/image3.png","size":4596,"hash":"jeyPFYVQwlkKC/GDtY+g+7JE+WA=","fileName":"image3.png","name":"image3","width":469,"height":117,"usages":["2106520023"],"thumbnail":{"url":"https://assets.nicepagecdn.com/c806102e/4948471/images/image3.png","width":469,"height":117}},{"id":"user-image-image4.png","publicUrl":"https://assets.nicepagecdn.com/c806102e/4948471/images/image4.png","size":155654,"hash":"op2fh1RXqnizjBJLGcplLUiOQ/Q=","fileName":"image4.png","name":"image4","width":1200,"height":457,"usages":[],"thumbnail":{"url":"https://assets.nicepagecdn.com/c806102e/4948471/images/image4.png","width":1200,"height":457}}]